<?xml version="1.0" encoding="UTF-8"?>
<project-private xmlns="http://www.netbeans.org/ns/project-private/1">
    <editor-bookmarks xmlns="http://www.netbeans.org/ns/editor-bookmarks/2" lastBookmarkId="0"/>
    <open-files xmlns="http://www.netbeans.org/ns/projectui-open-files/2">
        <group>
            <file>file:/C:/Users/Bia/Downloads/Supermercado-20230902T181210Z-001/Supermercado/src/VIEW/SS2_GUI.java</file>
            <file>file:/C:/Users/Bia/Downloads/Supermercado-20230902T181210Z-001/Supermercado/src/VIEW/login_GUI.java</file>
            <file>file:/C:/Users/Bia/Downloads/Supermercado-20230902T181210Z-001/Supermercado/src/VIEW/caixa_GUI.java</file>
            <file>file:/C:/Users/Bia/Downloads/Supermercado-20230902T181210Z-001/Supermercado/src/main/Main.java</file>
        </group>
    </open-files>
</project-private>
